Sequence,Name,Gender
1,John Doe,Male
2,Jane Smith,Female
3,张三,Male
4,李四,Female
5,田中太郎,Male
6,山田花子,Female
7,고길동,Male
8,홍길순,Female
9,Mohammed Ahmed,Male
10,Fatima Ali,Female
11,王五,Male
12,赵六,Female
13,鈴木一郎,Male
14,佐藤花子,Female
15,김영수,Male
16,이미영,Female
17,Michael Brown,Male
18,Emma Johnson,Female
19,陈七,Male
20,刘八,Female
21,阿部太郎,Male
22,鈴木サチコ,Female
23,홍길동,Male
24,김지영,Female
25,David Smith,Male
26,Sarah Wilson,Female
27,朴七,Male
28,金八,Female
29,山田太郎,Male
30,鈴木花子,Female
31,Ali Ahmed,Male
32,Nadia Khan,Female
33,李七,Male
34,赵八,Female
35,山本太郎,Male
36,佐藤真子,Female
37,홍길동,Male
38,김미영,Female
39,Thomas Johnson,Male
40,Emily Brown,Female
41,王九,Male
42,钱十,Female
43,鈴木二郎,Male
44,佐藤美子,Female
45,이영수,Male
46,박영순,Female
47,John Davis,Male
48,Jessica Wilson,Female
49,李九,Male
50,赵十,Female
51,斎藤太郎,Male
52,高橋花子,Female
53,홍길동,Male
54,김민영,Female
55,Christopher Johnson,Male
56,Samantha Smith,Female
57,王十一,Male
58,钱十二,Female
59,鈴木三郎,Male
60,佐藤京子,Female
61,김민수,Male
62,이미순,Female
63,Michael Wilson,Male
64,Olivia Brown,Female
65,王十三,Male
66,钱十四,Female
67,鈴木四郎,Male
68,佐藤千代,Female
69,이준호,Male
70,한지영,Female
71,David Johnson,Male
72,Emily Davis,Female
73,王十五,Male
74,钱十六,Female
75,鈴木五郎,Male
76,佐藤順子,Female
77,김영민,Male
78,이미영,Female
79,James Brown,Male
80,Sophia Wilson,Female
81,王十七,Male
82,钱十八,Female
83,鈴木六郎,Male
84,佐藤美代子,Female
85,홍길동,Male
86,김혜진,Female
87,Robert Smith,Male
88,Emma Johnson,Female
89,王十九,Male
90,钱二十,Female
91,鈴木七郎,Male
92,佐藤奈々子,Female
93,이현수,Male
94,김수정,Female
95,John Wilson,Male
96,Samantha Brown,Female
97,王二十一,Male
98,钱二十二,Female
99,鈴木八郎,Male
100,佐藤由美子,Female
101,이태현,Male
102,한민지,Female
103,Michael Davis,Male
104,Olivia Wilson,Female
105,王二十三,Male
106,钱二十四,Female
107,鈴木九郎,Male
108,佐藤理沙,Female
109,김민준,Male
110,이미리,Female
111,David Smith,Male
112,Sophia Johnson,Female
113,王二十五,Male
114,钱二十六,Female
115,鈴木十郎,Male
116,佐藤真理子,Female
117,홍길동,Male
118,김지연,Female
119,James Johnson,Male
120,Emma Davis,Female
121,王二十七,Male
122,钱二十八,Female
123,鈴木十一郎,Male
124,佐藤明美,Female
125,이준영,Male
126,한지은,Female
127,Robert Wilson,Male
128,Emily Brown,Female
129,王二十九,Male
130,钱三十,Female
131,鈴木十二郎,Male
132,佐藤真由美,Female
133,홍길동,Male
134,김민지,Female
135,John Johnson,Male
136,Sophia Wilson,Female
137,王三十一,Male
138,钱三十二,Female
139,鈴木十三郎,Male
140,佐藤美佐子,Female
141,이동현,Male
142,한지수,Female
143,Michael Smith,Male
144,Olivia Johnson,Female
145,王三十三,Male
146,钱三十四,Female
147,鈴木十四郎,Male
148,佐藤千春,Female
149,김민성,Male
150,이나라,Female
151,David Johnson,Male
152,Samantha Davis,Female
153,王三十五,Male
154,钱三十六,Female
155,鈴木十五郎,Male
156,佐藤順子,Female
157,홍길동,Male
158,김수민,Female
159,James Smith,Male
160,Emma Wilson,Female
161,王三十七,Male
162,钱三十八,Female
163,鈴木十六郎,Male
164,佐藤美智子,Female
165,이동준,Male
166,한가영,Female
167,Robert Johnson,Male
168,Emily Smith,Female
169,王三十九,Male
170,钱四十,Female
171,鈴木十七郎,Male
172,佐藤みゆき,Female
173,홍길동,Male
174,김지민,Female
175,John Davis,Male
176,Sophia Wilson,Female
177,王四十一,Male
178,钱四十二,Female
179,鈴木十八郎,Male
180,佐藤真理子,Female
181,이민수,Male
182,한세정,Female
183,Michael Wilson,Male
184,Olivia Johnson,Female
185,王四十三,Male
186,钱四十四,Female
187,鈴木十九郎,Male
188,佐藤美佐子,Female
189,김준호,Male
190,이수민,Female
191,David Johnson,Male
192,Emily Davis,Female
193,王四十五,Male
194,钱四十六,Female
195,鈴木二十郎,Male
196,佐藤千春,Female
197,홍길동,Male
198,김민서,Female
199,James Brown,Male
200,Sophia Wilson,Female
201,王四十七,Male
202,钱四十八,Female
203,鈴木二十一郎,Male
204,佐藤美智子,Female
205,이영민,Male
206,한지윤,Female
207,Robert Smith,Male
208,Emma Johnson,Female
209,王四十九,Male
210,钱五十,Female
211,鈴木二十二郎,Male
212,佐藤みゆき,Female
213,홍길동,Male
214,김민서,Female
215,John Wilson,Male
216,Samantha Brown,Female
217,王五十一,Male
218,钱五十二,Female
219,鈴木二十三郎,Male
220,佐藤真理子,Female
221,이성민,Male
222,한가영,Female
223,David Johnson,Male
224,Sophia Davis,Female
225,王五十三,Male
226,钱五十四,Female
227,鈴木二十四郎,Male
228,佐藤美佳,Female
229,홍길동,Male
230,김지현,Female
231,James Johnson,Male
232,Emma Wilson,Female
233,王五十五,Male
234,钱五十六,Female
235,鈴木二十五郎,Male
236,佐藤美智子,Female
237,이동현,Male
238,한지수,Female
239,Michael Davis,Male
240,Olivia Wilson,Female
241,王五十七,Male
242,钱五十八,Female
243,鈴木二十六郎,Male
244,佐藤美佐子,Female
245,김민준,Male
246,이미리,Female
247,David Smith,Male
248,Sophia Johnson,Female
249,王五十九,Male
250,钱六十,Female
251,鈴木二十七郎,Male
252,佐藤美代子,Female
253,홍길동,Male
254,김혜진,Female
255,John Johnson,Male
256,Sophia Wilson,Female
257,王六十一,Male
258,钱六十二,Female
259,鈴木二十八郎,Male
260,佐藤明美,Female
261,이준영,Male
262,한지은,Female
263,Robert Wilson,Male
264,Emily Brown,Female
265,王六十三,Male
266,钱六十四,Female
267,鈴木二十九郎,Male
268,佐藤理沙,Female
269,김민성,Male
270,이나라,Female
271,David Johnson,Male
272,Samantha Davis,Female
273,王六十五,Male
274,钱六十六,Female
